,Município [-],PIB per capita - R$ [2021],População no último censo - pessoas [2022]
0,Abadia dos Dourados,25174.26,6272
1,Abaeté,23266.1,22675
2,Abre Campo,19553.86,13927
3,Acaiaca,16247.06,3909
4,Açucena,17888.2,8943
5,Água Boa,14421.07,12589
6,Água Comprida,115725.51,2108
7,Aguanil,20762.54,4357
8,Águas Formosas,14913.12,18448
9,Águas Vermelhas,17329.28,14037
10,Aimorés,25402.54,25269
11,Aiuruoca,21608.49,6233
12,Alagoa,17958.99,2749
13,Albertina,51065.05,2952
14,Além Paraíba,27422.83,30717
15,Alfenas,43049.74,78970
16,Alfredo Vasconcelos,21364.59,6931
17,Almenara,15924.96,40364
18,Alpercata,12700.99,6903
19,Alpinópolis,26133.79,18300
20,Alterosa,20357.31,13915
21,Alto Caparaó,16354.23,5795
22,Alto Rio Doce,16798.64,10891
23,Alvarenga,14445.67,3975
24,Alvinópolis,22478.72,15059
25,Alvorada de Minas,17990.28,4159
26,Amparo do Serra,12045.13,4541
27,Andradas,28386.06,40553
28,Cachoeira de Pajeú,13262.75,9110
29,Andrelândia,23950.85,11927
30,Angelândia,16818.81,7718
31,Antônio Carlos,21088.32,11095
32,Antônio Dias,96894.13,9219
33,Antônio Prado de Minas,18117.22,1538
34,Araçaí,25422.8,2181
35,Aracitaba,15253.67,2049
36,Araçuaí,14163.67,34297
37,Araguari,49322.18,117808
38,Arantina,31861.03,2915
39,Araponga,14443.79,8048
40,Araporã,185156.76,8479
41,Arapuá,60936.37,2631
42,Araújos,49809.64,9199
43,Araxá,82570.25,111691
44,Arceburgo,31547.24,9177
45,Arcos,57713.61,41416
46,Areado,20234.71,13881
47,Argirita,14954.09,2688
48,Aricanduva,12645.43,4719
49,Arinos,17849.84,17272
50,Astolfo Dutra,20339.56,14138
51,Ataléia,15926.39,13736
52,Augusto de Lima,18423.57,4538
53,Baependi,19795.44,18366
54,Baldim,25871.06,7492
55,Bambuí,32549.38,23546
56,Bandeira,12476.94,4741
57,Bandeira do Sul,14907.61,5943
58,Barão de Cocais,73393.52,30778
59,Barão do Monte Alto,11883.74,4964
60,Barbacena,25335.18,125317
61,Barra Longa,16702.85,5666
62,Barroso,29022.49,20080
63,Bela Vista de Minas,55337.41,10167
64,Belmiro Braga,17992.57,3244
65,Belo Horizonte,41818.32,2315560
66,Belo Oriente,77527.64,23928
67,Belo Vale,36243.16,8627
68,Berilo,9551.5,9826
69,Bertópolis,11671.08,4451
70,Berizal,12734.93,4201
71,Betim,73624.78,411846
72,Bias Fortes,12668.63,3361
73,Bicas,18998.7,13978
74,Biquinhas,25978.67,2383
75,Boa Esperança,26261.54,39848
76,Bocaina de Minas,15766.67,5348
77,Bocaiúva,24252.97,48032
78,Bom Despacho,35269.0,51737
79,Bom Jardim de Minas,19828.35,6783
80,Bom Jesus da Penha,45924.06,4474
81,Bom Jesus do Amparo,25935.64,5631
82,Bom Jesus do Galho,11568.99,14536
83,Bom Repouso,15221.01,12649
84,Bom Sucesso,25271.28,17151
85,Bonfim,19772.69,7434
86,Bonfinópolis de Minas,84995.13,5528
87,Bonito de Minas,8784.49,10204
88,Borda da Mata,18923.96,17404
89,Botelhos,21834.65,14828
90,Botumirim,12103.05,5790
91,Brasilândia de Minas,24489.37,15020
92,Brasília de Minas,11627.4,32025
93,Brás Pires,11758.46,4260
94,Braúnas,44982.9,4441
95,Brazópolis,13786.69,14246
96,Brumadinho,112233.99,38915
97,Bueno Brandão,21921.18,10911
98,Buenópolis,17474.86,9150
99,Bugre,11937.36,4041
100,Buritis,46229.61,24030
101,Buritizeiro,26118.73,23910
102,Cabeceira Grande,67955.62,6627
103,Cabo Verde,20665.25,11410
104,Cachoeira da Prata,14487.2,3693
105,Cachoeira de Minas,46258.02,11883
106,Cachoeira Dourada,99124.77,2315
107,Caetanópolis,26561.99,11435
108,Caeté,23695.84,38776
109,Caiana,15876.73,5304
110,Cajuri,24569.91,4088
111,Caldas,23127.61,14217
112,Camacho,24964.43,2838
113,Camanducaia,45365.42,26097
114,Cambuí,62049.99,29536
115,Cambuquira,28950.98,12313
116,Campanário,14298.98,2923
117,Campanha,26097.7,15935
118,Campestre,23104.32,20696
119,Campina Verde,27169.11,18011
120,Campo Azul,10616.58,3714
121,Campo Belo,22905.64,52277
122,Campo do Meio,19843.07,11377
123,Campo Florido,84803.44,8466
124,Campos Altos,27730.44,12979
125,Campos Gerais,24372.14,26105
126,Canaã,17088.06,4715
127,Canápolis,55343.4,10608
128,Cana Verde,14348.74,5272
129,Candeias,24926.08,14001
130,Cantagalo,12406.75,3974
131,Caparaó,17866.83,5048
132,Capela Nova,13534.64,4362
133,Capelinha,23174.33,39626
134,Capetinga,30215.68,6562
135,Capim Branco,12467.57,10663
136,Capinópolis,40910.84,14655
137,Capitão Andrade,10939.49,4585
138,Capitão Enéas,32591.49,14108
139,Capitólio,37783.2,10380
140,Caputira,15427.23,8936
141,Caraí,8814.85,19548
142,Caranaíba,13169.27,2933
143,Carandaí,29108.4,23812
144,Carangola,19358.62,31240
145,Caratinga,24518.79,87360
146,Carbonita,23419.5,8512
147,Careaçu,25519.59,6816
148,Carlos Chagas,25642.26,18615
149,Carmésia,14958.01,2605
150,Carmo da Cachoeira,26379.28,11547
151,Carmo da Mata,23014.9,11019
152,Carmo de Minas,19322.94,13797
153,Carmo do Cajuru,27469.01,23479
154,Carmo do Paranaíba,34945.92,29011
155,Carmo do Rio Claro,32595.84,20954
156,Carmópolis de Minas,23365.28,18003
157,Carneirinho,40332.68,9422
158,Carrancas,43842.86,4049
159,Carvalhópolis,19752.88,3341
160,Carvalhos,18141.26,4422
161,Casa Grande,30760.19,2214
162,Cascalho Rico,25741.18,2712
163,Cássia,24600.35,17155
164,Conceição da Barra de Minas,17449.47,3560
165,Cataguases,21748.3,66261
166,Catas Altas,920833.97,5473
167,Catas Altas da Noruega,11130.5,3110
168,Catuji,13420.7,7030
169,Catuti,11497.57,4739
170,Caxambu,17204.61,21056
171,Cedro do Abaeté,19483.63,1081
172,Central de Minas,12334.73,6171
173,Centralina,33942.79,10207
174,Chácara,14661.46,3075
175,Chalé,20049.37,6075
176,Chapada do Norte,7247.1,10337
177,Chapada Gaúcha,28354.63,12355
178,Chiador,14020.88,2800
179,Cipotânea,10762.85,5581
180,Claraval,37352.16,4658
181,Claro dos Poções,11196.9,7166
182,Cláudio,38451.85,30159
183,Coimbra,18325.94,7117
184,Coluna,13756.65,8163
185,Comendador Gomes,49491.51,2773
186,Comercinho,10285.11,6660
187,Conceição da Aparecida,26487.93,10371
188,Conceição das Pedras,21692.56,2772
189,Conceição das Alagoas,45805.26,28381
190,Conceição de Ipanema,17685.15,4409
191,Conceição do Mato Dentro,519040.92,23163
192,Conceição do Pará,88902.87,5415
193,Conceição do Rio Verde,25025.75,12541
194,Conceição dos Ouros,18994.87,10880
195,Cônego Marinho,8212.18,7237
196,Confins,70734.21,7350
197,Congonhal,18053.14,11083
198,Congonhas,73709.5,52890
199,Congonhas do Norte,9768.27,4831
200,Conquista,70049.61,6694
201,Conselheiro Lafaiete,23881.55,131621
202,Conselheiro Pena,16708.53,20824
203,Consolação,17609.85,1563
204,Contagem,54136.41,621863
205,Coqueiral,25735.37,9023
206,Coração de Jesus,10251.33,25377
207,Cordisburgo,16419.95,7547
208,Cordislândia,32084.04,3200
209,Corinto,25937.03,23532
210,Coroaci,12690.02,10884
211,Coromandel,54911.1,28894
212,Coronel Fabriciano,18029.42,104736
213,Coronel Murta,13016.09,8200
214,Coronel Pacheco,19419.15,2762
215,Coronel Xavier Chaves,26367.67,3486
216,Córrego Danta,52273.69,2960
217,Córrego do Bom Jesus,12384.73,4272
218,Córrego Fundo,49904.63,6133
219,Córrego Novo,14332.74,2875
220,Couto de Magalhães de Minas,14262.94,4245
221,Crisólita,11215.05,5265
222,Cristais,22628.65,12197
223,Cristália,9875.05,5121
224,Cristiano Otoni,23967.13,4667
225,Cristina,22906.28,10374
226,Crucilândia,16383.73,5434
227,Cruzeiro da Fortaleza,50408.9,3521
228,Cruzília,20461.59,15362
229,Cuparaque,14734.12,3983
230,Curral de Dentro,10226.6,7406
231,Curvelo,27509.61,80665
232,Datas,13618.93,5465
233,Delfim Moreira,15700.68,7952
234,Delfinópolis,34599.14,8393
235,Delta,42456.49,10494
236,Descoberto,16206.3,4928
237,Desterro de Entre Rios,35948.85,7653
238,Desterro do Melo,17657.89,2994
239,Diamantina,20537.92,47702
240,Diogo de Vasconcelos,11363.34,3549
241,Dionísio,12128.99,6847
242,Divinésia,18575.93,4226
243,Divino,15957.14,20706
244,Divino das Laranjeiras,12416.03,4178
245,Divinolândia de Minas,10750.55,6516
246,Divinópolis,34355.36,231091
247,Divisa Alegre,25656.27,6321
248,Divisa Nova,21452.98,5851
249,Divisópolis,8178.51,10213
250,Dom Bosco,19065.15,3697
251,Dom Cavati,13860.37,4904
252,Dom Joaquim,15289.15,4899
253,Dom Silvério,20648.91,5228
254,Dom Viçoso,13052.06,3095
255,Dona Euzébia,16492.38,6093
256,Dores de Campos,31116.02,10007
257,Dores de Guanhães,37105.01,5029
258,Dores do Indaiá,26339.03,12630
259,Dores do Turvo,15908.49,4987
260,Doresópolis,54667.85,1461
261,Douradoquara,41427.06,1829
262,Durandé,15560.07,7817
263,Elói Mendes,24720.9,26336
264,Engenheiro Caldas,13936.2,13622
265,Engenheiro Navarro,12715.66,6354
266,Entre Folhas,12061.39,5179
267,Entre Rios de Minas,17481.31,14746
268,Ervália,21529.87,20255
269,Esmeraldas,13419.92,85598
270,Espera Feliz,16254.21,24102
271,Espinosa,11517.31,30443
272,Espírito Santo do Dourado,25854.33,6611
273,Estiva,52723.75,11502
274,Estrela Dalva,18586.66,2186
275,Estrela do Indaiá,47456.81,2772
276,Estrela do Sul,43679.34,6840
277,Eugenópolis,19487.85,10801
278,Ewbank da Câmara,13825.96,3875
279,Extrema,362591.97,53482
280,Fama,24698.85,2578
281,Faria Lemos,20105.49,3188
282,Felício dos Santos,15837.34,5133
283,São Gonçalo do Rio Preto,15341.2,3032
284,Felisburgo,10030.05,6489
285,Felixlândia,18106.34,13978
286,Fernandes Tourinho,13101.7,2789
287,Ferros,15447.38,9590
288,Fervedouro,14134.11,10445
289,Florestal,18785.7,8045
290,Formiga,32581.52,68248
291,Formoso,32101.59,7949
292,Fortaleza de Minas,24956.6,3477
293,Fortuna de Minas,17170.82,3093
294,Francisco Badaró,7546.65,7366
295,Francisco Dumont,14352.6,4503
296,Francisco Sá,17077.75,23476
297,Franciscópolis,19449.13,5034
298,Frei Gaspar,13674.68,5640
299,Frei Inocêncio,15488.87,8226
300,Frei Lagonegro,10171.36,3391
301,Fronteira,49568.1,14540
302,Fronteira dos Vales,10777.9,4345
303,Fruta de Leite,8999.57,4647
304,Frutal,40872.58,58588
305,Funilândia,18794.03,4686
306,Galiléia,16814.67,6222
307,Gameleiras,11278.35,4793
308,Glaucilândia,12945.77,2928
309,Goiabeira,14670.26,2830
310,Goianá,15513.28,4053
311,Gonçalves,21624.99,4727
312,Gonzaga,11153.48,5230
313,Gouveia,16842.21,11331
314,Governador Valadares,26165.06,257171
315,Grão Mogol,48352.82,13901
316,Grupiara,31890.41,1392
317,Guanhães,28633.61,32244
318,Guapé,27386.89,13772
319,Guaraciaba,11179.62,9753
320,Guaraciama,15589.72,5051
321,Guaranésia,28891.14,19150
322,Guarani,19461.62,7714
323,Guarará,15349.17,3149
324,Guarda-Mor,114474.42,6539
325,Guaxupé,53726.8,50911
326,Guidoval,17600.19,7131
327,Guimarânia,40063.15,8478
328,Guiricema,13793.57,7778
329,Gurinhatã,32779.01,5192
330,Heliodora,20150.08,6134
331,Iapu,15915.1,12030
332,Ibertioga,20716.39,5198
333,Ibiá,60160.3,22229
334,Ibiaí,13560.18,6286
335,Ibiracatu,9600.19,5081
336,Ibiraci,51550.46,10948
337,Ibirité,17407.52,170537
338,Ibitiúra de Minas,22201.2,3365
339,Ibituruna,19766.09,2698
340,Icaraí de Minas,9134.97,10677
341,Igarapé,21707.59,45847
342,Igaratinga,51874.24,10830
343,Iguatama,74348.83,6826
344,Ijaci,74228.52,7003
345,Ilicínea,21212.04,12741
346,Imbé de Minas,14503.11,6986
347,Inconfidentes,17947.26,7301
348,Indaiabira,11914.84,6346
349,Indianópolis,124934.02,6171
350,Ingaí,41544.77,2580
351,Inhapim,16852.46,22692
352,Inhaúma,22951.75,6239
353,Inimutaba,11931.24,7371
354,Ipaba,9527.36,17136
355,Ipanema,17115.04,19522
356,Ipatinga,65869.82,227731
357,Ipiaçu,43292.43,3775
358,Ipuiúna,18563.37,9135
359,Iraí de Minas,42670.29,7180
360,Itabira,123006.06,113343
361,Itabirinha,11723.25,10362
362,Itabirito,247940.0,53365
363,Itacambira,11331.15,4252
364,Itacarambi,12454.64,17208
365,Itaguara,29790.11,13846
366,Itaipé,9419.18,10463
367,Itajubá,33630.33,93073
368,Itamarandiba,18431.8,32948
369,Itamarati de Minas,15321.0,3690
370,Itambacuri,14696.07,21042
371,Itambé do Mato Dentro,17678.0,2142
372,Itamogi,23351.61,10770
373,Itamonte,74613.56,14786
374,Itanhandu,30315.87,15236
375,Itanhomi,12341.6,11128
376,Itaobim,14701.65,19151
377,Itapagipe,33155.1,13690
378,Itapecerica,28915.19,21046
379,Itapeva,85067.72,12692
380,Itatiaiuçu,610779.65,12966
381,Itaú de Minas,44471.67,14406
382,Itaúna,53834.65,97669
383,Itaverava,13411.54,5642
384,Itinga,9849.06,13745
385,Itueta,20119.67,6055
386,Ituiutaba,35891.17,102217
387,Itumirim,15326.47,6638
388,Iturama,50309.34,38295
389,Itutinga,46016.16,4217
390,Jaboticatubas,14403.17,20406
391,Jacinto,10680.55,11042
392,Jacuí,19619.02,7495
393,Jacutinga,43106.68,25525
394,Jaguaraçu,34860.43,3092
395,Jaíba,21310.16,37660
396,Jampruca,15136.53,4296
397,Janaúba,22157.83,70699
398,Januária,12133.95,65150
399,Japaraíba,22937.4,4506
400,Japonvar,9688.75,8127
401,Jeceaba,407353.2,6197
402,Jenipapo de Minas,10214.67,6100
403,Jequeri,15840.35,12419
404,Jequitaí,17614.92,6484
405,Jequitibá,24253.55,5883
406,Jequitinhonha,10754.52,24007
407,Jesuânia,21827.32,5138
408,Joaíma,10509.42,13888
409,Joanésia,25154.48,4329
410,João Monlevade,59963.67,80187
411,João Pinheiro,44929.59,46801
412,Joaquim Felício,15206.06,3854
413,Jordânia,9857.64,10304
414,José Gonçalves de Minas,11565.81,3969
415,José Raydan,14172.89,4268
416,Josenópolis,11815.85,3630
417,Nova União,18734.56,5909
418,Juatuba,51653.48,30716
419,Juiz de Fora,35145.34,540756
420,Juramento,11839.64,3768
421,Juruaia,25392.25,11084
422,Juvenília,11502.41,5789
423,Ladainha,8063.14,14383
424,Lagamar,31961.94,6631
425,Lagoa da Prata,37310.73,51412
426,Lagoa dos Patos,14675.29,3313
427,Lagoa Dourada,26337.64,12769
428,Lagoa Formosa,31130.75,18904
429,Lagoa Grande,30214.48,8969
430,Lagoa Santa,32802.82,75145
431,Lajinha,20069.96,20835
432,Lambari,19293.34,20414
433,Lamim,15487.44,3184
434,Laranjal,13971.34,5963
435,Lassance,29649.11,7124
436,Lavras,27818.1,104761
437,Leandro Ferreira,17228.55,3199
438,Leme do Prado,13448.01,4341
439,Leopoldina,21124.06,51145
440,Liberdade,21553.54,4737
441,Lima Duarte,20279.44,17221
442,Limeira do Oeste,60582.62,8687
443,Lontra,9610.66,8790
444,Luisburgo,21249.6,6956
445,Luislândia,9721.43,6210
446,Luminárias,27448.05,5586
447,Luz,35908.88,17875
448,Machacalis,15811.47,6487
449,Machado,32188.05,37684
450,Madre de Deus de Minas,58993.52,5191
451,Malacacheta,12708.51,17516
452,Mamonas,9155.69,5997
453,Manga,13482.39,18886
454,Manhuaçu,35607.52,91886
455,Manhumirim,24613.19,20613
456,Mantena,17248.55,26535
457,Maravilhas,28738.33,7333
458,Mar de Espanha,17526.23,12721
459,Maria da Fé,14490.07,14247
460,Mariana,119155.4,61387
461,Marilac,14150.23,4224
462,Mário Campos,12520.55,15900
463,Maripá de Minas,24993.05,3387
464,Marliéria,14999.89,4592
465,Marmelópolis,15843.65,3200
466,Martinho Campos,35176.11,14003
467,Martins Soares,24963.05,8396
468,Mata Verde,10526.08,9112
469,Materlândia,13710.97,3963
470,Mateus Leme,34132.67,37841
471,Matias Barbosa,42951.23,14121
472,Matias Cardoso,13964.57,8895
473,Matipó,22270.48,18552
474,Mato Verde,12741.8,12038
475,Matozinhos,39152.41,37618
476,Matutina,26036.56,3814
477,Medeiros,64058.5,3900
478,Medina,12224.08,20156
479,Mendes Pimentel,12006.86,5606
480,Mercês,14085.21,10373
481,Mesquita,10833.03,5040
482,Minas Novas,11112.45,24405
483,Minduri,42093.45,3741
484,Mirabela,11941.74,13651
485,Miradouro,16084.86,8968
486,Miraí,21973.7,13633
487,Miravânia,9477.13,3985
488,Moeda,15529.83,5125
489,Moema,20110.03,7548
490,Monjolos,21433.52,2169
491,Monsenhor Paulo,26033.53,8340
492,Montalvânia,11313.56,14060
493,Monte Alegre de Minas,35500.1,20170
494,Monte Azul,12467.46,20328
495,Monte Belo,27847.63,13046
496,Monte Carmelo,32440.12,47692
497,Monte Formoso,8919.75,4381
498,Monte Santo de Minas,22477.33,20890
499,Montes Claros,25870.23,414240
500,Monte Sião,25011.26,24089
501,Montezuma,10868.92,6888
502,Morada Nova de Minas,60432.26,9067
503,Morro da Garça,21156.64,2411
504,Morro do Pilar,14113.38,3133
505,Munhoz,21570.92,7451
506,Muriaé,24137.53,104108
507,Mutum,18874.87,27635
508,Muzambinho,26091.09,21891
509,Nacip Raydan,11607.0,2459
510,Nanuque,19924.58,35038
511,Naque,12675.74,6303
512,Natalândia,22725.11,3520
513,Natércia,24403.15,4691
514,Nazareno,76794.68,8179
515,Nepomuceno,23008.04,25018
516,Ninheira,12205.08,10588
517,Nova Belém,27201.82,3151
518,Nova Era,24702.73,17438
519,Nova Lima,216092.4,111697
520,Nova Módica,16530.55,3663
521,Nova Ponte,69569.06,14598
522,Nova Porteirinha,15515.42,6706
523,Nova Resende,22770.81,16387
524,Nova Serrana,24352.06,105552
525,Novo Cruzeiro,10544.29,26975
526,Novo Oriente de Minas,11256.56,10275
527,Novorizonte,13167.03,4571
528,Olaria,18836.72,1945
529,Olhos-d'Água,33947.04,5385
530,Olímpio Noronha,15528.17,2555
531,Oliveira,26318.88,39262
532,Oliveira Fortes,19047.02,2027
533,Onça de Pitangui,20575.42,2969
534,Oratórios,15170.99,4917
535,Orizânia,14998.7,8437
536,Ouro Branco,219860.0,38724
537,Ouro Fino,27526.34,32094
538,Ouro Preto,127232.37,74821
539,Ouro Verde de Minas,11503.59,5757
540,Padre Carvalho,8999.72,5058
541,Padre Paraíso,10514.08,17334
542,Paineiras,18654.32,4224
543,Pains,63965.84,8142
544,Pai Pedro,9617.09,5551
545,Paiva,17996.58,1474
546,Palma,15693.82,5707
547,Palmópolis,12292.83,6301
548,Papagaios,23511.04,13920
549,Paracatu,76144.41,94023
550,Pará de Minas,42098.58,97139
551,Paraguaçu,29998.34,21723
552,Paraisópolis,27752.05,20445
553,Paraopeba,36955.29,24107
554,Passabém,14574.0,1600
555,Passa Quatro,28737.93,15515
556,Passa Tempo,59808.53,8473
557,Passa Vinte,20794.2,2233
558,Passos,26081.82,111939
559,Patis,9122.53,4837
560,Patos de Minas,39738.04,159235
561,Patrocínio,39932.3,89826
562,Patrocínio do Muriaé,20206.33,5576
563,Paula Cândido,14255.97,8659
564,Paulistas,14048.81,4389
565,Pavão,11093.87,8047
566,Peçanha,15407.09,17446
567,Pedra Azul,16498.08,24410
568,Pedra Bonita,13480.12,7320
569,Pedra do Anta,19502.49,3311
570,Pedra do Indaiá,29206.43,4112
571,Pedra Dourada,16527.2,2757
572,Pedralva,16460.4,10760
573,Pedras de Maria da Cruz,8900.37,10433
574,Pedrinópolis,55906.67,3344
575,Pedro Leopoldo,29763.4,62580
576,Pedro Teixeira,16778.21,1810
577,Pequeri,18724.66,3351
578,Pequi,19184.76,4155
579,Perdigão,18941.95,12268
580,Perdizes,98918.71,17151
581,Perdões,29060.6,21384
582,Periquito,16574.4,6553
583,Pescador,11054.09,3570
584,Piau,34082.97,2796
585,Piedade de Caratinga,15939.53,8529
586,Piedade de Ponte Nova,15149.65,3976
587,Piedade do Rio Grande,24887.48,4604
588,Piedade dos Gerais,17842.82,5019
589,Pimenta,32326.06,8563
590,Pingo-d'Água,10483.1,4706
591,Pintópolis,9445.44,7084
592,Piracema,47478.8,6700
593,Pirajuba,62212.95,5537
594,Piranga,11347.31,17018
595,Piranguçu,14238.45,6041
596,Piranguinho,15671.86,9120
597,Pirapetinga,59224.34,11077
598,Pirapora,50580.69,55606
599,Piraúba,18697.86,11610
600,Pitangui,26073.15,26685
601,Piumhi,36452.59,36062
602,Planura,46149.3,11145
603,Poço Fundo,23897.47,16390
604,Poços de Caldas,50234.29,163742
605,Pocrane,14686.18,8350
606,Pompéu,36287.11,31047
607,Ponte Nova,35748.11,57776
608,Ponto Chique,12096.62,3747
609,Ponto dos Volantes,10016.81,10883
610,Porteirinha,13931.71,37438
611,Porto Firme,11411.12,10569
612,Poté,10122.67,13666
613,Pouso Alegre,69478.81,152217
614,Pouso Alto,47333.42,6566
615,Prados,25109.69,9048
616,Prata,45907.1,28342
617,Pratápolis,26805.27,8406
618,Pratinha,42299.41,3559
619,Presidente Bernardes,12740.53,4850
620,Presidente Juscelino,13744.52,3465
621,Presidente Kubitschek,12064.56,3071
622,Presidente Olegário,37169.17,18765
623,Alto Jequitibá,15158.56,8397
624,Prudente de Morais,18583.47,11466
625,Quartel Geral,21546.08,3179
626,Queluzito,20557.6,1770
627,Raposos,11738.63,16279
628,Raul Soares,17893.53,23423
629,Recreio,11720.36,11007
630,Reduto,16727.6,7848
631,Resende Costa,17924.97,11230
632,Resplendor,15972.45,17226
633,Ressaquinha,77296.87,4548
634,Riachinho,19338.76,6863
635,Riacho dos Machados,56250.5,8756
636,Ribeirão das Neves,15177.16,329794
637,Ribeirão Vermelho,25941.3,4080
638,Rio Acima,44894.6,10261
639,Rio Casca,17735.11,12789
640,Rio Doce,19723.72,2484
641,Rio do Prado,10293.72,4639
642,Rio Espera,11179.64,5429
643,Rio Manso,19200.76,5568
644,Rio Novo,13398.92,8518
645,Rio Paranaíba,73353.29,14532
646,Rio Pardo de Minas,11082.95,28271
647,Rio Piracicaba,93493.98,14631
648,Rio Pomba,23182.02,17443
649,Rio Preto,12594.6,5141
650,Rio Vermelho,11141.09,12641
651,Ritápolis,19986.09,4994
652,Rochedo de Minas,49137.34,2291
653,Rodeiro,66014.18,8664
654,Romaria,77429.93,3386
655,Rosário da Limeira,14573.75,4734
656,Rubelita,14277.94,5679
657,Rubim,10879.32,10298
658,Sabará,30474.48,129380
659,Sabinópolis,21787.62,14240
660,Sacramento,78738.77,26670
661,Salinas,15942.32,40178
662,Salto da Divisa,18829.72,6110
663,Santa Bárbara,51093.18,30466
664,Santa Bárbara do Leste,13595.98,8458
665,Santa Bárbara do Monte Verde,17510.49,3095
666,Santa Bárbara do Tugúrio,16098.97,4208
667,Santa Cruz de Minas,11867.33,8109
668,Santa Cruz de Salinas,12029.68,3910
669,Santa Cruz do Escalvado,16399.94,4673
670,Santa Efigênia de Minas,11717.67,4039
671,Santa Fé de Minas,15749.38,3522
672,Santa Helena de Minas,9046.39,5938
673,Santa Juliana,59355.88,15734
674,Santa Luzia,23863.19,219132
675,Santa Margarida,21598.4,16395
676,Santa Maria de Itabira,24757.78,10485
677,Santa Maria do Salto,9608.97,4755
678,Santa Maria do Suaçuí,11695.78,12788
679,Santana da Vargem,34469.93,6691
680,Santana de Cataguases,12773.83,3489
681,Santana de Pirapama,15479.54,7030
682,Santana do Deserto,11889.16,3747
683,Santana do Garambéu,15700.64,2137
684,Santana do Jacaré,21867.84,4214
685,Santana do Manhuaçu,21922.2,8987
686,Santana do Paraíso,20818.42,44800
687,Santana do Riacho,23947.0,5313
688,Santana dos Montes,13286.87,3469
689,Santa Rita de Caldas,25612.88,8460
690,Santa Rita de Jacutinga,15448.41,4755
691,Santa Rita de Minas,20733.84,6773
692,Santa Rita de Ibitipoca,18272.52,3301
693,Santa Rita do Itueto,33004.29,5826
694,Santa Rita do Sapucaí,43969.93,40635
695,Santa Rosa da Serra,30331.26,3382
696,Santa Vitória,40140.53,20973
697,Santo Antônio do Amparo,18956.63,17285
698,Santo Antônio do Aventureiro,18856.11,3769
699,Santo Antônio do Grama,22189.15,4229
700,Santo Antônio do Itambé,11880.62,3915
701,Santo Antônio do Jacinto,9900.93,10327
702,Santo Antônio do Monte,29473.46,27295
703,Santo Antônio do Retiro,9670.55,6629
704,Santo Antônio do Rio Abaixo,16228.63,1808
705,Santo Hipólito,16491.4,2717
706,Santos Dumont,23793.1,42406
707,São Bento Abade,16505.34,4713
708,São Brás do Suaçuí,21354.17,3989
709,São Domingos das Dores,16117.24,5626
710,São Domingos do Prata,18125.06,17392
711,São Félix de Minas,13087.33,3200
712,São Francisco,11446.32,52762
713,São Francisco de Paula,23108.24,6187
714,São Francisco de Sales,30763.55,5732
715,São Francisco do Glória,15251.54,4800
716,São Geraldo,20738.3,10282
717,São Geraldo da Piedade,11611.66,3305
718,São Geraldo do Baixio,12169.53,3143
719,São Gonçalo do Abaeté,38182.29,7375
720,São Gonçalo do Pará,24361.9,11770
721,São Gonçalo do Rio Abaixo,684168.71,11850
722,São Gonçalo do Sapucaí,38470.78,23959
723,São Gotardo,32960.88,40910
724,São João Batista do Glória,35560.06,7652
725,São João da Lagoa,12208.13,4822
726,São João da Mata,20081.08,2914
727,São João da Ponte,10741.62,23930
728,São João das Missões,6983.08,13024
729,São João del Rei,33059.97,90225
730,São João do Manhuaçu,15536.64,11246
731,São João do Manteninha,13597.23,5331
732,São João do Oriente,13780.13,7070
733,São João do Pacuí,9974.47,3972
734,São João do Paraíso,11979.66,23910
735,São João Evangelista,16059.13,15315
736,São João Nepomuceno,19084.4,25565
737,São Joaquim de Bicas,33134.13,34348
738,São José da Barra,118358.54,7793
739,São José da Lapa,25528.59,26090
740,São José da Safira,11549.69,3806
741,São José da Varginha,22210.65,4536
742,São José do Alegre,13723.34,4133
743,São José do Divino,13774.55,3464
744,São José do Goiabal,12581.76,5396
745,São José do Jacuri,15589.16,6197
746,São José do Mantimento,15659.26,2753
747,São Lourenço,25310.43,44798
748,São Miguel do Anta,15122.87,6334
749,São Pedro da União,32471.15,4885
750,São Pedro dos Ferros,17606.8,7166
751,São Pedro do Suaçuí,15850.23,5103
752,São Romão,19123.79,10315
753,São Roque de Minas,45519.05,7129
754,São Sebastião da Bela Vista,79135.44,6387
755,São Sebastião da Vargem Alegre,21986.02,3113
756,São Sebastião do Anta,15565.34,6194
757,São Sebastião do Maranhão,10199.95,10079
758,São Sebastião do Oeste,85924.5,8815
759,São Sebastião do Paraíso,31099.51,71796
760,São Sebastião do Rio Preto,17571.23,1259
761,São Sebastião do Rio Verde,15800.11,2300
762,São Tiago,22414.96,11192
763,São Tomás de Aquino,27976.08,6740
764,São Tomé das Letras,19208.82,6904
765,São Vicente de Minas,26169.34,6804
766,Sapucaí-Mirim,15652.58,6311
767,Sardoá,10715.08,5104
768,Sarzedo,64346.33,36844
769,Setubinha,9820.38,9917
770,Sem-Peixe,14216.64,2433
771,Senador Amaral,16672.42,6206
772,Senador Cortes,19007.94,2240
773,Senador Firmino,13512.67,7716
774,Senador José Bento,24962.26,2068
775,Senador Modestino Gonçalves,22733.52,4008
776,Senhora de Oliveira,14013.7,5483
777,Senhora do Porto,14157.59,3067
778,Senhora dos Remédios,11053.0,10384
779,Sericita,14303.08,7345
780,Seritinga,24357.44,1819
781,Serra Azul de Minas,10499.95,3792
782,Serra da Saudade,28392.42,833
783,Serra dos Aimorés,10433.7,6944
784,Serra do Salitre,83678.44,11801
785,Serrania,21083.52,7621
786,Serranópolis de Minas,9813.13,4399
787,Serranos,19785.54,1990
788,Serro,13982.29,21952
789,Sete Lagoas,51894.81,227397
790,Silveirânia,15505.21,2323
791,Silvianópolis,22619.95,6179
792,Simão Pereira,39707.08,2947
793,Simonésia,14383.71,19750
794,Sobrália,12303.29,5137
795,Soledade de Minas,13150.84,5613
796,Tabuleiro,17915.28,4014
797,Taiobeiras,16085.74,33050
798,Taparuba,15864.94,3387
799,Tapira,140948.55,4118
800,Tapiraí,29984.35,1690
801,Taquaraçu de Minas,16000.68,4224
802,Tarumirim,13189.15,14709
803,Teixeiras,16380.33,12255
804,Teófilo Otoni,20893.97,137418
805,Timóteo,61482.0,81579
806,Tiradentes,25209.23,7744
807,Tiros,59641.82,7883
808,Tocantins,20853.44,16185
809,Tocos do Moji,17177.37,3826
810,Toledo,16912.97,7214
811,Tombos,17047.93,8609
812,Três Corações,36734.42,75485
813,Três Marias,95324.95,28895
814,Três Pontas,32896.24,55255
815,Tumiritinga,12198.83,5886
816,Tupaciguara,37169.53,25470
817,Turmalina,21879.01,20000
818,Turvolândia,27420.97,4935
819,Ubá,30288.91,103365
820,Ubaí,9258.29,11708
821,Ubaporanga,13424.24,13017
822,Uberaba,59943.87,337836
823,Uberlândia,61038.02,713224
824,Umburatiba,17107.6,2684
825,Unaí,50544.26,86619
826,União de Minas,30580.0,3828
827,Uruana de Minas,29820.95,3282
828,Urucânia,23226.29,10600
829,Urucuia,11061.34,17479
830,Vargem Alegre,11970.81,5780
831,Vargem Bonita,40894.45,2158
832,Vargem Grande do Rio Pardo,13504.4,4633
833,Varginha,58817.87,136467
834,Varjão de Minas,43704.06,6969
835,Várzea da Palma,26623.1,33744
836,Varzelândia,9704.8,18840
837,Vazante,56478.26,19975
838,Verdelândia,12118.32,7672
839,Veredinha,23208.11,5181
840,Veríssimo,41671.0,3411
841,Vermelho Novo,13235.02,4899
842,Vespasiano,22909.06,129246
843,Viçosa,22673.74,76430
844,Vieiras,14974.51,3700
845,Mathias Lobato,13915.37,3038
846,Virgem da Lapa,9585.82,11804
847,Virgínia,20855.96,8908
848,Virginópolis,17587.98,10314
849,Virgolândia,11818.51,4552
850,Visconde do Rio Branco,31179.87,39160
851,Volta Grande,26633.91,4443
852,Wenceslau Braz,13011.59,2356
